{
    "sad": {
        "precision": 0.8114602587800369,
        "recall": 0.9184100418410042,
        "f1-score": 0.8616290480863592,
        "support": 478.0
    },
    "happy": {
        "precision": 0.9894847528916929,
        "recall": 0.7940928270042195,
        "f1-score": 0.8810861423220974,
        "support": 1185.0
    },
    "surprised": {
        "precision": 0.8378378378378378,
        "recall": 0.9422492401215805,
        "f1-score": 0.8869814020028612,
        "support": 329.0
    },
    "anger": {
        "precision": 0.6822033898305084,
        "recall": 0.9938271604938271,
        "f1-score": 0.8090452261306532,
        "support": 162.0
    },
    "fear": {
        "precision": 0.9491525423728814,
        "recall": 0.7567567567567568,
        "f1-score": 0.8421052631578947,
        "support": 74.0
    },
    "disgust": {
        "precision": 0.6681614349775785,
        "recall": 0.93125,
        "f1-score": 0.7780678851174935,
        "support": 160.0
    },
    "neutral": {
        "precision": 0.8401162790697675,
        "recall": 0.85,
        "f1-score": 0.8450292397660819,
        "support": 680.0
    },
    "accuracy": 0.8585397653194263,
    "macro avg": {
        "precision": 0.8254880708229005,
        "recall": 0.8837980037453411,
        "f1-score": 0.8434206009404915,
        "support": 3068.0
    },
    "weighted avg": {
        "precision": 0.8784241268494629,
        "recall": 0.8585397653194263,
        "f1-score": 0.8605783916761706,
        "support": 3068.0
    }
}