{
    "sad": {
        "precision": 0.8199233716475096,
        "recall": 0.895397489539749,
        "f1-score": 0.856,
        "support": 478.0
    },
    "happy": {
        "precision": 0.9919028340080972,
        "recall": 0.8270042194092827,
        "f1-score": 0.9019788311090658,
        "support": 1185.0
    },
    "surprised": {
        "precision": 0.8123393316195373,
        "recall": 0.9604863221884499,
        "f1-score": 0.8802228412256268,
        "support": 329.0
    },
    "anger": {
        "precision": 0.8406593406593407,
        "recall": 0.9444444444444444,
        "f1-score": 0.8895348837209303,
        "support": 162.0
    },
    "fear": {
        "precision": 0.9523809523809523,
        "recall": 0.8108108108108109,
        "f1-score": 0.8759124087591241,
        "support": 74.0
    },
    "disgust": {
        "precision": 0.7660818713450293,
        "recall": 0.81875,
        "f1-score": 0.7915407854984894,
        "support": 160.0
    },
    "neutral": {
        "precision": 0.7848605577689243,
        "recall": 0.8691176470588236,
        "f1-score": 0.8248429867411026,
        "support": 680.0
    },
    "accuracy": 0.8666883963494133,
    "macro avg": {
        "precision": 0.852592608489913,
        "recall": 0.8751444190645085,
        "f1-score": 0.8600046767220484,
        "support": 3068.0
    },
    "weighted avg": {
        "precision": 0.8792467902252311,
        "recall": 0.8666883963494133,
        "f1-score": 0.8683403375821866,
        "support": 3068.0
    }
}