{
    "sad": {
        "precision": 0.7996422182468694,
        "recall": 0.9351464435146444,
        "f1-score": 0.8621022179363549,
        "support": 478.0
    },
    "happy": {
        "precision": 0.9885057471264368,
        "recall": 0.8708860759493671,
        "f1-score": 0.9259757738896366,
        "support": 1185.0
    },
    "surprised": {
        "precision": 0.8373333333333334,
        "recall": 0.9544072948328267,
        "f1-score": 0.8920454545454546,
        "support": 329.0
    },
    "anger": {
        "precision": 0.6855895196506551,
        "recall": 0.9691358024691358,
        "f1-score": 0.80306905370844,
        "support": 162.0
    },
    "fear": {
        "precision": 0.9166666666666666,
        "recall": 0.8918918918918919,
        "f1-score": 0.9041095890410958,
        "support": 74.0
    },
    "disgust": {
        "precision": 0.7926829268292683,
        "recall": 0.8125,
        "f1-score": 0.8024691358024691,
        "support": 160.0
    },
    "neutral": {
        "precision": 0.8608,
        "recall": 0.7911764705882353,
        "f1-score": 0.8245210727969349,
        "support": 680.0
    },
    "accuracy": 0.8748370273794003,
    "macro avg": {
        "precision": 0.8401743445504615,
        "recall": 0.889306282749443,
        "f1-score": 0.8591846139600551,
        "support": 3068.0
    },
    "weighted avg": {
        "precision": 0.8866242050661409,
        "recall": 0.8748370273794003,
        "f1-score": 0.8764406109186346,
        "support": 3068.0
    }
}