{
    "sad": {
        "precision": 0.8323586744639376,
        "recall": 0.893305439330544,
        "f1-score": 0.8617558022199798,
        "support": 478.0
    },
    "happy": {
        "precision": 0.9798464491362764,
        "recall": 0.8616033755274262,
        "f1-score": 0.9169286035024697,
        "support": 1185.0
    },
    "surprised": {
        "precision": 0.8188976377952756,
        "recall": 0.9483282674772037,
        "f1-score": 0.8788732394366198,
        "support": 329.0
    },
    "anger": {
        "precision": 0.7227272727272728,
        "recall": 0.9814814814814815,
        "f1-score": 0.8324607329842932,
        "support": 162.0
    },
    "fear": {
        "precision": 0.8615384615384616,
        "recall": 0.7567567567567568,
        "f1-score": 0.8057553956834532,
        "support": 74.0
    },
    "disgust": {
        "precision": 0.7405405405405405,
        "recall": 0.85625,
        "f1-score": 0.7942028985507247,
        "support": 160.0
    },
    "neutral": {
        "precision": 0.8383685800604229,
        "recall": 0.8161764705882353,
        "f1-score": 0.827123695976155,
        "support": 680.0
    },
    "accuracy": 0.8692959582790091,
    "macro avg": {
        "precision": 0.8277539451803124,
        "recall": 0.873414541594521,
        "f1-score": 0.8453000526219566,
        "support": 3068.0
    },
    "weighted avg": {
        "precision": 0.8793401553840071,
        "recall": 0.8692959582790091,
        "f1-score": 0.8708051106395558,
        "support": 3068.0
    }
}