{
    "sad": {
        "precision": 0.7666098807495741,
        "recall": 0.9414225941422594,
        "f1-score": 0.8450704225352113,
        "support": 478.0
    },
    "happy": {
        "precision": 0.9837940896091516,
        "recall": 0.8708860759493671,
        "f1-score": 0.9239033124440466,
        "support": 1185.0
    },
    "surprised": {
        "precision": 0.8501362397820164,
        "recall": 0.9483282674772037,
        "f1-score": 0.896551724137931,
        "support": 329.0
    },
    "anger": {
        "precision": 0.8061224489795918,
        "recall": 0.9753086419753086,
        "f1-score": 0.88268156424581,
        "support": 162.0
    },
    "fear": {
        "precision": 0.8823529411764706,
        "recall": 0.8108108108108109,
        "f1-score": 0.8450704225352113,
        "support": 74.0
    },
    "disgust": {
        "precision": 0.9173553719008265,
        "recall": 0.69375,
        "f1-score": 0.7900355871886121,
        "support": 160.0
    },
    "neutral": {
        "precision": 0.8294117647058824,
        "recall": 0.8294117647058824,
        "f1-score": 0.8294117647058824,
        "support": 680.0
    },
    "accuracy": 0.8758148631029987,
    "macro avg": {
        "precision": 0.8622546767005019,
        "recall": 0.8671311650086901,
        "f1-score": 0.8589606853989578,
        "support": 3068.0
    },
    "weighted avg": {
        "precision": 0.8861125019424086,
        "recall": 0.8758148631029987,
        "f1-score": 0.8766851118269264,
        "support": 3068.0
    }
}